<?xml version="1.0" encoding="GBK"?>

<?xml-stylesheet type="text/xsl" href="employees2.xsl"?>

<employees>
    
    <employee sn="E-200410100001">
        <name>zhangsan</name>
        <age>25</age>
        <hiredate>2004-10-10</hiredate>
        <monthly_pay mode="cash">
            1600.00
        </monthly_pay>
    </employee>
    
    <employee sn="E-200402200003">
        <name>lisi</name>
        <age>35</age>
        <hiredate>2004-2-20</hiredate>
        <monthly_pay mode="credit_card">
            11000.00
        </monthly_pay>
    </employee>
    
    <employee sn="E-200402060005">
        <name>wangwu</name>
        <age>28</age>
        <hiredate>2004-2-6</hiredate>
        <monthly_pay mode="credit_card">
            3500.00
        </monthly_pay>
    </employee>
    
    <employee sn="E-200503010008">
        <name>lisi</name>
        <age>27</age>
        <hiredate>2005-3-1</hiredate>
        <monthly_pay mode="credit_card">
            8100.00
        </monthly_pay>
    </employee>
    
</employees>