<?xml version="1.0"?>
<?xml-stylesheet type="text/xsl" href="company.xsl"?>

<company>
    <employees>
        <employee deptno="1">
    		<name>zhangsan</name>
    	</employee>
    	
    	<employee deptno="2">
    		<name>lisi</name>
    	</employee>
    	
    	<employee deptno="1">
    		<name>wangwu</name>
    	</employee>
    	
    	<employee deptno="2">
    		<name>zhaoliu</name>
    	</employee>
    	
    	<employee deptno="3">
    		<name>qianqi</name>
    	</employee>
    </employees>
</company>