<?xml version="1.0" encoding="gb2312"?>

<company>
    <employees>
        <employee deptno="1">
    		<name>zhangsan</name>
    	</employee>
    	
    	<employee deptno="2">
    		<name>lisi</name>
    	</employee>
    	
    	<employee deptno="1">
    		<name>wangwu</name>
    	</employee>
    	
    	<employee deptno="2">
    		<name>zhaoliu</name>
    	</employee>
    	
    	<employee deptno="3">
    		<name>qianqi</name>
    	</employee>
    </employees>
	
	<departments>
	    <department>
	        <id>1</id>
	        <name>sales</name>
	    </department>
	    
	    <department>
	        <id>2</id>
	        <name>accounting</name>
	    </department>
	    
	    <department>
	        <id>3</id>
	        <name>research</name>
	    </department>
	</departments>
	
</company>