<?xml version="1.0" encoding="gb2312"?>

<!DOCTYPE company [
<!ELEMENT company (employee*)>
<!ELEMENT employee (name)>
<!ELEMENT name (#PCDATA)>
<!ATTLIST employee sn ID #REQUIRED>
<!ATTLIST employee manager IDREF #IMPLIED>
]>

<company>
	<employee sn="E-200402100001">
		<name>zhangsan</name>
	</employee>
	
	<employee sn="E-200410020006" manager="E-200402100001">
		<name>lisi</name>
	</employee>
	
	<employee sn="E-200411210002" manager="E-200402100001">
		<name>wangwu</name>
	</employee>
</company>