<?xml version="1.0" encoding="GBK"?>

<?xml-stylesheet type="text/xsl" href="forum.xsl"?>

<forum>
    <board><title>Windows Program</title>
        <board>Visual C++</board>
        <board>Visual Basic</board>
        <board>C#</board>
    </board>
    
    <board><title>Java Program</title>
        <board><title>Java</title>
            <board>Java Basic Knowledge</board>
            <board>AWT and Swing</board>
            <board>Java Net</board>
        </board>
        <board>JSP</board>
        <board>J2EE</board>
    </board>
</forum>