<?xml version="1.0" encoding="UTF-8"?>

<Server debug="0" port="8081" shutdown="SHUTDOWN">
  <Service name="Catalina">
    <Connector acceptCount="10" connectionTimeout="60000" debug="0" maxThreads="75" minSpareThreads="5" port="8080"/>
    <Engine debug="0" defaultHost="localhost" name="Catalina">
      <Host appBase="F:\JSPLesson\ch22\Tomcat\webapps" autoDeploy="false" debug="0" deployXML="false" name="localhost" unpackWARs="false">
        <Context debug="0" docBase="F:\JSPLesson\ch22\ch22" path="/ch22" reloadable="true" workDir="F:\JSPLesson\ch22\Tomcat\work\ch22">
            <Resource name="jdbc/bookstore" 
              auth="Container" type="javax.sql.DataSource"
              maxActive="100" maxIdle="30" maxWait="10000"
              username="root" password="12345678" 
              driverClassName="com.mysql.jdbc.Driver"
              url="jdbc:mysql://localhost:3306/bookstore"/>
        </Context>
      </Host>
    </Engine>
  </Service>
</Server>
