<?xml version="1.0" encoding="UTF-8"?>
<!DOCTYPE log4j:configuration SYSTEM "log4j.dtd">

<log4j:configuration xmlns:log4j="http://jakarta.apache.org/log4j/">

    <appender name="console" class="org.apache.log4j.ConsoleAppender">
        <layout class="org.apache.log4j.SimpleLayout"/>
    </appender>
    
    <appender name="file" class="org.apache.log4j.FileAppender">
        <param name="File" value="F:/JSPLesson/ch19/WEB-INF/ch19xml.log"/>
        <layout class="org.apache.log4j.PatternLayout">
            <param name="ConversionPattern"
                   value="%d{yyyy-MM-dd HH:mm:ss} [%x] [%c]-[%-5p] %m%n%n"/>
        </layout>
    </appender>
    
    <logger name="bookstoreLogger" additivity="false">
        <appender-ref ref="file"/>
    </logger>

    <root>
        <level value="ERROR"/>
        <appender-ref ref="console"/>
    </root>
</log4j:configuration>

