<?xml version="1.0" encoding="ISO-8859-1" ?>

<guestbook-config>
    <processor-mappings>
        <processor path="/reg.jsp" 
            type="org.sunxin.guestbook.controller.RegisterProcessor"/>
        <processor path="/logon.jsp"
            type="org.sunxin.guestbook.controller.LogonProcessor"/>
        <processor path="/say.jsp"
            type="org.sunxin.guestbook.controller.SayMessageProcessor"/>
        <processor path="/index.jsp" 
            type="org.sunxin.guestbook.controller.DisplayMessageProcessor"/>
        <processor path="/"
            type="org.sunxin.guestbook.controller.DisplayMessageProcessor"/>
        <processor path="/admin/admin_index.jsp"
            type="org.sunxin.guestbook.controller.AdminDisplayMessageProcessor"/>
        <processor path="/admin/admin_logon.jsp"
            type="org.sunxin.guestbook.controller.AdminLogonProcessor"/>
        <processor path="/admin/admin_del.jsp"
            type="org.sunxin.guestbook.controller.AdminDeleteMessageProcessor"/>
    </processor-mappings>
</guestbook-config>